timestamp,accel_x,accel_y,accel_z,alternator_current,altitude_acc,angle_slip,angle_track,auto_status,batt_volt,brake_pressure,carter_temp,curvature_radius,digital,ect,ecu_temp,engine_in,engine_rpm,front_left_damper,front_left_wheel_speed,front_right_damper,front_right_wheel_speed,fuel_consump,fuel_press,fuel_pump_current,gear,gs_id,iat,ignition_current,imu_status,injection_current,lamda,latitude,latitude_acc,longitude,longitude_acc,main_fan_current,map,node_pcb_temp,non_prior_current,oil_press,oil_temp,pdm_id,pitch_acc,pitch_angle,pitch_rate,prior_current,rear_left_speed,rear_right_speed,roll_acc,roll_angle,roll_rate,steering_wheel_angle,sw_id,temp1,temp2,temp3,temp4,temp_imu,temp_pdm,time_stamp,tp,velocity_x,velocity_y,velocity_z,water_pump_current,yaw_acc,yaw_angle,yaw_rate,name,mode,started_at,ended_at,laps,total_time,best,avg,last,consistency_ms,lap_number,lap_time_s,lap_time_fmt,delta_s,delta_fmt,state
64.680,0,0,0,0,0,0,0,0,0,0,0,0,0,0,0,0,0,0,0,0,0,0,0,0,0,0,0,0,0,0,0,0,0,0,0,0,0,0,0,0,0,0,0,0,0,0,0,0,0,0,0,0,0,0,0,0,0,0,0,0,0,0,0,0,0,0,0,0,,,,,,,,,,,,,,,,
64.680,0,0,0,0,0,0,0,0,0,0,0,0,0,0,0,0,0,0,0,0,0,0,0,0,0,0,0,0,0,0,0,0,0,0,0,0,0,0,0,0,0,0,0,0,0,0,0,0,0,0,0,0,0,0,0,0,0,0,0,0,0,0,0,0,0,0,0,0,,,,,,,,,,,,,,,,
70.449,0,0,0,0,0,0,0,0,0,0,0,0,0,0,0,0,0,0,0,0,0,0,0,0,0,0,0,0,0,0,0,0,0,0,0,0,0,0,0,0,0,0,0,0,0,0,0,0,0,0,0,0,0,0,0,0,0,0,0,0,0,0,0,0,0,0,0,0,,,,,,,,,,,,,,,,
70.449,0,0,0,0,0,0,0,0,0,0,0,0,0,0,0,0,0,0,0,0,0,0,0,0,0,0,0,0,0,0,0,0,0,0,0,0,0,0,0,0,0,0,0,0,0,0,0,0,0,0,0,0,0,0,0,0,0,0,0,0,0,0,0,0,0,0,0,0,,,,,,,,,,,,,,,,
70.449,0,0,0,0,0,0,0,0,0,0,0,0,0,0,0,0,0,0,0,0,0,0,0,0,0,0,0,0,0,0,0,0,0,0,0,0,0,0,0,0,0,0,0,0,0,0,0,0,0,0,0,0,0,0,0,0,0,0,0,0,0,0,0,0,0,0,0,0,Endurance 17,Endurance,18:39:30,,1,00:05.769,00:05.769,00:05.769,00:05.769,0.0,1,5.768949,00:05.769,0.000000,0.000s,BEST
70.449,0,0,0,0,0,0,0,0,0,0,0,0,0,0,0,0,0,0,0,0,0,0,0,0,0,0,0,0,0,0,0,0,0,0,0,0,0,0,0,0,0,0,0,0,0,0,0,0,0,0,0,0,0,0,0,0,0,0,0,0,0,0,0,0,0,0,0,0,Endurance 17,Endurance,18:39:30,,1,00:05.769,00:05.769,00:05.769,00:05.769,0.0,1,5.768949,00:05.769,0.000000,0.000s,BEST
72.664,0,0,0,0,0,0,0,0,0,0,0,0,0,0,0,0,0,0,0,0,0,0,0,0,0,0,0,0,0,0,0,0,0,0,0,0,0,0,0,0,0,0,0,0,0,0,0,0,0,0,0,0,0,0,0,0,0,0,0,0,0,0,0,0,0,0,0,0,Endurance 17,Endurance,18:39:30,,1,00:05.769,00:05.769,00:05.769,00:05.769,0.0,1,5.768949,00:05.769,0.000000,0.000s,BEST
72.664,0,0,0,0,0,0,0,0,0,0,0,0,0,0,0,0,0,0,0,0,0,0,0,0,0,0,0,0,0,0,0,0,0,0,0,0,0,0,0,0,0,0,0,0,0,0,0,0,0,0,0,0,0,0,0,0,0,0,0,0,0,0,0,0,0,0,0,0,Endurance 17,Endurance,18:39:30,,1,00:05.769,00:05.769,00:05.769,00:05.769,0.0,1,5.768949,00:05.769,0.000000,0.000s,BEST
72.664,0,0,0,0,0,0,0,0,0,0,0,0,0,0,0,0,0,0,0,0,0,0,0,0,0,0,0,0,0,0,0,0,0,0,0,0,0,0,0,0,0,0,0,0,0,0,0,0,0,0,0,0,0,0,0,0,0,0,0,0,0,0,0,0,0,0,0,0,Endurance 17,Endurance,18:39:30,,2,00:07.984,00:02.216,00:03.992,00:02.216,0.0,2,2.215518,00:02.216,0.000000,0.000s,BEST
72.664,0,0,0,0,0,0,0,0,0,0,0,0,0,0,0,0,0,0,0,0,0,0,0,0,0,0,0,0,0,0,0,0,0,0,0,0,0,0,0,0,0,0,0,0,0,0,0,0,0,0,0,0,0,0,0,0,0,0,0,0,0,0,0,0,0,0,0,0,Endurance 17,Endurance,18:39:30,,2,00:07.984,00:02.216,00:03.992,00:02.216,0.0,2,2.215518,00:02.216,0.000000,0.000s,BEST
74.557,0,0,0,0,0,0,0,0,0,0,0,0,0,0,0,0,0,0,0,0,0,0,0,0,0,0,0,0,0,0,0,0,0,0,0,0,0,0,0,0,0,0,0,0,0,0,0,0,0,0,0,0,0,0,0,0,0,0,0,0,0,0,0,0,0,0,0,0,Endurance 17,Endurance,18:39:30,,2,00:07.984,00:02.216,00:03.992,00:02.216,0.0,2,2.215518,00:02.216,0.000000,0.000s,BEST
74.557,0,0,0,0,0,0,0,0,0,0,0,0,0,0,0,0,0,0,0,0,0,0,0,0,0,0,0,0,0,0,0,0,0,0,0,0,0,0,0,0,0,0,0,0,0,0,0,0,0,0,0,0,0,0,0,0,0,0,0,0,0,0,0,0,0,0,0,0,Endurance 17,Endurance,18:39:30,,2,00:07.984,00:02.216,00:03.992,00:02.216,0.0,2,2.215518,00:02.216,0.000000,0.000s,BEST
74.557,0,0,0,0,0,0,0,0,0,0,0,0,0,0,0,0,0,0,0,0,0,0,0,0,0,0,0,0,0,0,0,0,0,0,0,0,0,0,0,0,0,0,0,0,0,0,0,0,0,0,0,0,0,0,0,0,0,0,0,0,0,0,0,0,0,0,0,0,Endurance 17,Endurance,18:39:30,,3,00:09.877,00:01.892,00:03.292,00:01.892,0.0,3,1.892044,00:01.892,0.000000,0.000s,BEST
74.557,0,0,0,0,0,0,0,0,0,0,0,0,0,0,0,0,0,0,0,0,0,0,0,0,0,0,0,0,0,0,0,0,0,0,0,0,0,0,0,0,0,0,0,0,0,0,0,0,0,0,0,0,0,0,0,0,0,0,0,0,0,0,0,0,0,0,0,0,Endurance 17,Endurance,18:39:30,,3,00:09.877,00:01.892,00:03.292,00:01.892,0.0,3,1.892044,00:01.892,0.000000,0.000s,BEST
76.665,0,0,0,0,0,0,0,0,0,0,0,0,0,0,0,0,0,0,0,0,0,0,0,0,0,0,0,0,0,0,0,0,0,0,0,0,0,0,0,0,0,0,0,0,0,0,0,0,0,0,0,0,0,0,0,0,0,0,0,0,0,0,0,0,0,0,0,0,Endurance 17,Endurance,18:39:30,,3,00:09.877,00:01.892,00:03.292,00:01.892,0.0,3,1.892044,00:01.892,0.000000,0.000s,BEST
76.665,0,0,0,0,0,0,0,0,0,0,0,0,0,0,0,0,0,0,0,0,0,0,0,0,0,0,0,0,0,0,0,0,0,0,0,0,0,0,0,0,0,0,0,0,0,0,0,0,0,0,0,0,0,0,0,0,0,0,0,0,0,0,0,0,0,0,0,0,Endurance 17,Endurance,18:39:30,,3,00:09.877,00:01.892,00:03.292,00:01.892,0.0,3,1.892044,00:01.892,0.000000,0.000s,BEST
76.665,0,0,0,0,0,0,0,0,0,0,0,0,0,0,0,0,0,0,0,0,0,0,0,0,0,0,0,0,0,0,0,0,0,0,0,0,0,0,0,0,0,0,0,0,0,0,0,0,0,0,0,0,0,0,0,0,0,0,0,0,0,0,0,0,0,0,0,0,Endurance 17,Endurance,18:39:30,,4,00:11.985,00:01.892,00:02.996,00:02.108,0.0,4,2.108192,00:02.108,0.216148,+0.216s,
76.665,0,0,0,0,0,0,0,0,0,0,0,0,0,0,0,0,0,0,0,0,0,0,0,0,0,0,0,0,0,0,0,0,0,0,0,0,0,0,0,0,0,0,0,0,0,0,0,0,0,0,0,0,0,0,0,0,0,0,0,0,0,0,0,0,0,0,0,0,Endurance 17,Endurance,18:39:30,,4,00:11.985,00:01.892,00:02.996,00:02.108,0.0,4,2.108192,00:02.108,0.216148,+0.216s,
78.933,0,0,0,0,0,0,0,0,0,0,0,0,0,0,0,0,0,0,0,0,0,0,0,0,0,0,0,0,0,0,0,0,0,0,0,0,0,0,0,0,0,0,0,0,0,0,0,0,0,0,0,0,0,0,0,0,0,0,0,0,0,0,0,0,0,0,0,0,Endurance 17,Endurance,18:39:30,,4,00:11.985,00:01.892,00:02.996,00:02.108,0.0,4,2.108192,00:02.108,0.216148,+0.216s,
78.933,0,0,0,0,0,0,0,0,0,0,0,0,0,0,0,0,0,0,0,0,0,0,0,0,0,0,0,0,0,0,0,0,0,0,0,0,0,0,0,0,0,0,0,0,0,0,0,0,0,0,0,0,0,0,0,0,0,0,0,0,0,0,0,0,0,0,0,0,Endurance 17,Endurance,18:39:30,,4,00:11.985,00:01.892,00:02.996,00:02.108,0.0,4,2.108192,00:02.108,0.216148,+0.216s,
78.933,0,0,0,0,0,0,0,0,0,0,0,0,0,0,0,0,0,0,0,0,0,0,0,0,0,0,0,0,0,0,0,0,0,0,0,0,0,0,0,0,0,0,0,0,0,0,0,0,0,0,0,0,0,0,0,0,0,0,0,0,0,0,0,0,0,0,0,0,Endurance 17,Endurance,18:39:30,,5,00:14.253,00:01.892,00:02.851,00:02.269,0.0,5,2.268520,00:02.269,0.376476,+0.376s,
78.933,0,0,0,0,0,0,0,0,0,0,0,0,0,0,0,0,0,0,0,0,0,0,0,0,0,0,0,0,0,0,0,0,0,0,0,0,0,0,0,0,0,0,0,0,0,0,0,0,0,0,0,0,0,0,0,0,0,0,0,0,0,0,0,0,0,0,0,0,Endurance 17,Endurance,18:39:30,,5,00:14.253,00:01.892,00:02.851,00:02.269,0.0,5,2.268520,00:02.269,0.376476,+0.376s,
117.656,0,0,0,0,0,0,0,0,0,0,0,0,0,0,0,0,0,0,0,0,0,0,0,0,0,0,0,0,0,0,0,0,0,0,0,0,0,0,0,0,0,0,0,0,0,0,0,0,0,0,0,0,0,0,0,0,0,0,0,0,0,0,0,0,0,0,0,0,Endurance 17,Endurance,18:39:30,,5,00:14.253,00:01.892,00:02.851,00:02.269,0.0,5,2.268520,00:02.269,0.376476,+0.376s,
117.656,0,0,0,0,0,0,0,0,0,0,0,0,0,0,0,0,0,0,0,0,0,0,0,0,0,0,0,0,0,0,0,0,0,0,0,0,0,0,0,0,0,0,0,0,0,0,0,0,0,0,0,0,0,0,0,0,0,0,0,0,0,0,0,0,0,0,0,0,Endurance 17,Endurance,18:39:30,,5,00:14.253,00:01.892,00:02.851,00:02.269,0.0,5,2.268520,00:02.269,0.376476,+0.376s,
117.656,0,0,0,0,0,0,0,0,0,0,0,0,0,0,0,0,0,0,0,0,0,0,0,0,0,0,0,0,0,0,0,0,0,0,0,0,0,0,0,0,0,0,0,0,0,0,0,0,0,0,0,0,0,0,0,0,0,0,0,0,0,0,0,0,0,0,0,0,Endurance 17,Endurance,18:39:30,,6,00:52.978,00:01.892,00:08.830,00:38.725,0.0,6,38.724501,00:38.725,36.832457,+36.832s,
117.656,0,0,0,0,0,0,0,0,0,0,0,0,0,0,0,0,0,0,0,0,0,0,0,0,0,0,0,0,0,0,0,0,0,0,0,0,0,0,0,0,0,0,0,0,0,0,0,0,0,0,0,0,0,0,0,0,0,0,0,0,0,0,0,0,0,0,0,0,Endurance 17,Endurance,18:39:30,,6,00:52.978,00:01.892,00:08.830,00:38.725,0.0,6,38.724501,00:38.725,36.832457,+36.832s,
119.918,0,0,0,0,0,0,0,0,0,0,0,0,0,0,0,0,0,0,0,0,0,0,0,0,0,0,0,0,0,0,0,0,0,0,0,0,0,0,0,0,0,0,0,0,0,0,0,0,0,0,0,0,0,0,0,0,0,0,0,0,0,0,0,0,0,0,0,0,Endurance 17,Endurance,18:39:30,,6,00:52.978,00:01.892,00:08.830,00:38.725,0.0,6,38.724501,00:38.725,36.832457,+36.832s,
119.918,0,0,0,0,0,0,0,0,0,0,0,0,0,0,0,0,0,0,0,0,0,0,0,0,0,0,0,0,0,0,0,0,0,0,0,0,0,0,0,0,0,0,0,0,0,0,0,0,0,0,0,0,0,0,0,0,0,0,0,0,0,0,0,0,0,0,0,0,Endurance 17,Endurance,18:39:30,,6,00:52.978,00:01.892,00:08.830,00:38.725,0.0,6,38.724501,00:38.725,36.832457,+36.832s,
119.918,0,0,0,0,0,0,0,0,0,0,0,0,0,0,0,0,0,0,0,0,0,0,0,0,0,0,0,0,0,0,0,0,0,0,0,0,0,0,0,0,0,0,0,0,0,0,0,0,0,0,0,0,0,0,0,0,0,0,0,0,0,0,0,0,0,0,0,0,Endurance 17,Endurance,18:39:30,,7,00:55.240,00:01.892,00:07.891,00:02.262,0.0,7,2.262198,00:02.262,0.370154,+0.370s,
119.918,0,0,0,0,0,0,0,0,0,0,0,0,0,0,0,0,0,0,0,0,0,0,0,0,0,0,0,0,0,0,0,0,0,0,0,0,0,0,0,0,0,0,0,0,0,0,0,0,0,0,0,0,0,0,0,0,0,0,0,0,0,0,0,0,0,0,0,0,Endurance 17,Endurance,18:39:30,,7,00:55.240,00:01.892,00:07.891,00:02.262,0.0,7,2.262198,00:02.262,0.370154,+0.370s,
121.907,0,0,0,0,0,0,0,0,0,0,0,0,0,0,0,0,0,0,0,0,0,0,0,0,0,0,0,0,0,0,0,0,0,0,0,0,0,0,0,0,0,0,0,0,0,0,0,0,0,0,0,0,0,0,0,0,0,0,0,0,0,0,0,0,0,0,0,0,Endurance 17,Endurance,18:39:30,,7,00:55.240,00:01.892,00:07.891,00:02.262,0.0,7,2.262198,00:02.262,0.370154,+0.370s,
121.907,0,0,0,0,0,0,0,0,0,0,0,0,0,0,0,0,0,0,0,0,0,0,0,0,0,0,0,0,0,0,0,0,0,0,0,0,0,0,0,0,0,0,0,0,0,0,0,0,0,0,0,0,0,0,0,0,0,0,0,0,0,0,0,0,0,0,0,0,Endurance 17,Endurance,18:39:30,,7,00:55.240,00:01.892,00:07.891,00:02.262,0.0,7,2.262198,00:02.262,0.370154,+0.370s,
121.907,0,0,0,0,0,0,0,0,0,0,0,0,0,0,0,0,0,0,0,0,0,0,0,0,0,0,0,0,0,0,0,0,0,0,0,0,0,0,0,0,0,0,0,0,0,0,0,0,0,0,0,0,0,0,0,0,0,0,0,0,0,0,0,0,0,0,0,0,Endurance 17,Endurance,18:39:30,,8,00:57.227,00:01.892,00:07.153,00:01.987,0.0,8,1.987123,00:01.987,0.095079,+0.095s,
121.907,0,0,0,0,0,0,0,0,0,0,0,0,0,0,0,0,0,0,0,0,0,0,0,0,0,0,0,0,0,0,0,0,0,0,0,0,0,0,0,0,0,0,0,0,0,0,0,0,0,0,0,0,0,0,0,0,0,0,0,0,0,0,0,0,0,0,0,0,Endurance 17,Endurance,18:39:30,,8,00:57.227,00:01.892,00:07.153,00:01.987,0.0,8,1.987123,00:01.987,0.095079,+0.095s,
123.646,0,0,0,0,0,0,0,0,0,0,0,0,0,0,0,0,0,0,0,0,0,0,0,0,0,0,0,0,0,0,0,0,0,0,0,0,0,0,0,0,0,0,0,0,0,0,0,0,0,0,0,0,0,0,0,0,0,0,0,0,0,0,0,0,0,0,0,0,Endurance 17,Endurance,18:39:30,,8,00:57.227,00:01.892,00:07.153,00:01.987,0.0,8,1.987123,00:01.987,0.095079,+0.095s,
123.646,0,0,0,0,0,0,0,0,0,0,0,0,0,0,0,0,0,0,0,0,0,0,0,0,0,0,0,0,0,0,0,0,0,0,0,0,0,0,0,0,0,0,0,0,0,0,0,0,0,0,0,0,0,0,0,0,0,0,0,0,0,0,0,0,0,0,0,0,Endurance 17,Endurance,18:39:30,,8,00:57.227,00:01.892,00:07.153,00:01.987,0.0,8,1.987123,00:01.987,0.095079,+0.095s,
123.646,0,0,0,0,0,0,0,0,0,0,0,0,0,0,0,0,0,0,0,0,0,0,0,0,0,0,0,0,0,0,0,0,0,0,0,0,0,0,0,0,0,0,0,0,0,0,0,0,0,0,0,0,0,0,0,0,0,0,0,0,0,0,0,0,0,0,0,0,Endurance 17,Endurance,18:39:30,,9,00:58.963,00:01.736,00:06.551,00:01.736,0.0,9,1.735561,00:01.736,0.000000,0.000s,BEST
123.646,0,0,0,0,0,0,0,0,0,0,0,0,0,0,0,0,0,0,0,0,0,0,0,0,0,0,0,0,0,0,0,0,0,0,0,0,0,0,0,0,0,0,0,0,0,0,0,0,0,0,0,0,0,0,0,0,0,0,0,0,0,0,0,0,0,0,0,0,Endurance 17,Endurance,18:39:30,,9,00:58.963,00:01.736,00:06.551,00:01.736,0.0,9,1.735561,00:01.736,0.000000,0.000s,BEST
125.087,0,0,0,0,0,0,0,0,0,0,0,0,0,0,0,0,0,0,0,0,0,0,0,0,0,0,0,0,0,0,0,0,0,0,0,0,0,0,0,0,0,0,0,0,0,0,0,0,0,0,0,0,0,0,0,0,0,0,0,0,0,0,0,0,0,0,0,0,Endurance 17,Endurance,18:39:30,,9,00:58.963,00:01.736,00:06.551,00:01.736,0.0,9,1.735561,00:01.736,0.000000,0.000s,BEST
125.087,0,0,0,0,0,0,0,0,0,0,0,0,0,0,0,0,0,0,0,0,0,0,0,0,0,0,0,0,0,0,0,0,0,0,0,0,0,0,0,0,0,0,0,0,0,0,0,0,0,0,0,0,0,0,0,0,0,0,0,0,0,0,0,0,0,0,0,0,Endurance 17,Endurance,18:39:30,,9,00:58.963,00:01.736,00:06.551,00:01.736,0.0,9,1.735561,00:01.736,0.000000,0.000s,BEST
125.087,0,0,0,0,0,0,0,0,0,0,0,0,0,0,0,0,0,0,0,0,0,0,0,0,0,0,0,0,0,0,0,0,0,0,0,0,0,0,0,0,0,0,0,0,0,0,0,0,0,0,0,0,0,0,0,0,0,0,0,0,0,0,0,0,0,0,0,0,Endurance 17,Endurance,18:39:30,,10,01:00.408,00:01.445,00:06.041,00:01.445,0.0,10,1.445271,00:01.445,0.000000,0.000s,BEST
125.087,0,0,0,0,0,0,0,0,0,0,0,0,0,0,0,0,0,0,0,0,0,0,0,0,0,0,0,0,0,0,0,0,0,0,0,0,0,0,0,0,0,0,0,0,0,0,0,0,0,0,0,0,0,0,0,0,0,0,0,0,0,0,0,0,0,0,0,0,Endurance 17,Endurance,18:39:30,,10,01:00.408,00:01.445,00:06.041,00:01.445,0.0,10,1.445271,00:01.445,0.000000,0.000s,BEST
129.354,0,0,0,0,0,0,0,0,0,0,0,0,0,0,0,0,0,0,0,0,0,0,0,0,0,0,0,0,0,0,0,0,0,0,0,0,0,0,0,0,0,0,0,0,0,0,0,0,0,0,0,0,0,0,0,0,0,0,0,0,0,0,0,0,0,0,0,0,Endurance 17,Endurance,18:39:30,,10,01:00.408,00:01.445,00:06.041,00:01.445,0.0,10,1.445271,00:01.445,0.000000,0.000s,BEST
129.354,0,0,0,0,0,0,0,0,0,0,0,0,0,0,0,0,0,0,0,0,0,0,0,0,0,0,0,0,0,0,0,0,0,0,0,0,0,0,0,0,0,0,0,0,0,0,0,0,0,0,0,0,0,0,0,0,0,0,0,0,0,0,0,0,0,0,0,0,Endurance 17,Endurance,18:39:30,,10,01:00.408,00:01.445,00:06.041,00:01.445,0.0,10,1.445271,00:01.445,0.000000,0.000s,BEST
129.354,0,0,0,0,0,0,0,0,0,0,0,0,0,0,0,0,0,0,0,0,0,0,0,0,0,0,0,0,0,0,0,0,0,0,0,0,0,0,0,0,0,0,0,0,0,0,0,0,0,0,0,0,0,0,0,0,0,0,0,0,0,0,0,0,0,0,0,0,Endurance 17,Endurance,18:39:30,,11,01:04.676,00:01.445,00:05.880,00:04.268,0.0,11,4.267850,00:04.268,2.822579,+2.823s,
129.354,0,0,0,0,0,0,0,0,0,0,0,0,0,0,0,0,0,0,0,0,0,0,0,0,0,0,0,0,0,0,0,0,0,0,0,0,0,0,0,0,0,0,0,0,0,0,0,0,0,0,0,0,0,0,0,0,0,0,0,0,0,0,0,0,0,0,0,0,Endurance 17,Endurance,18:39:30,,11,01:04.676,00:01.445,00:05.880,00:04.268,0.0,11,4.267850,00:04.268,2.822579,+2.823s,
130.201,0,0,0,0,0,0,0,0,0,0,0,0,0,0,0,0,0,0,0,0,0,0,0,0,0,0,0,0,0,0,0,0,0,0,0,0,0,0,0,0,0,0,0,0,0,0,0,0,0,0,0,0,0,0,0,0,0,0,0,0,0,0,0,0,0,0,0,0,Endurance 17,Endurance,18:39:30,,11,01:04.676,00:01.445,00:05.880,00:04.268,0.0,11,4.267850,00:04.268,2.822579,+2.823s,
130.201,0,0,0,0,0,0,0,0,0,0,0,0,0,0,0,0,0,0,0,0,0,0,0,0,0,0,0,0,0,0,0,0,0,0,0,0,0,0,0,0,0,0,0,0,0,0,0,0,0,0,0,0,0,0,0,0,0,0,0,0,0,0,0,0,0,0,0,0,Endurance 17,Endurance,18:39:30,,11,01:04.676,00:01.445,00:05.880,00:04.268,0.0,11,4.267850,00:04.268,2.822579,+2.823s,
130.201,0,0,0,0,0,0,0,0,0,0,0,0,0,0,0,0,0,0,0,0,0,0,0,0,0,0,0,0,0,0,0,0,0,0,0,0,0,0,0,0,0,0,0,0,0,0,0,0,0,0,0,0,0,0,0,0,0,0,0,0,0,0,0,0,0,0,0,0,Endurance 17,Endurance,18:39:30,,12,01:05.521,00:00.846,00:05.460,00:00.846,0.0,12,0.845504,00:00.846,0.000000,0.000s,BEST
130.201,0,0,0,0,0,0,0,0,0,0,0,0,0,0,0,0,0,0,0,0,0,0,0,0,0,0,0,0,0,0,0,0,0,0,0,0,0,0,0,0,0,0,0,0,0,0,0,0,0,0,0,0,0,0,0,0,0,0,0,0,0,0,0,0,0,0,0,0,Endurance 17,Endurance,18:39:30,,12,01:05.521,00:00.846,00:05.460,00:00.846,0.0,12,0.845504,00:00.846,0.000000,0.000s,BEST
143.849,0,0,0,0,0,0,0,0,0,0,0,0,0,0,0,0,0,0,0,0,0,0,0,0,0,0,0,0,0,0,0,0,0,0,0,0,0,0,0,0,0,0,0,0,0,0,0,0,0,0,0,0,0,0,0,0,0,0,0,0,0,0,0,0,0,0,0,0,Endurance 17,Endurance,18:39:30,,12,01:05.521,00:00.846,00:05.460,00:00.846,0.0,12,0.845504,00:00.846,0.000000,0.000s,BEST
143.849,0,0,0,0,0,0,0,0,0,0,0,0,0,0,0,0,0,0,0,0,0,0,0,0,0,0,0,0,0,0,0,0,0,0,0,0,0,0,0,0,0,0,0,0,0,0,0,0,0,0,0,0,0,0,0,0,0,0,0,0,0,0,0,0,0,0,0,0,Endurance 17,Endurance,18:39:30,,12,01:05.521,00:00.846,00:05.460,00:00.846,0.0,12,0.845504,00:00.846,0.000000,0.000s,BEST
143.849,0,0,0,0,0,0,0,0,0,0,0,0,0,0,0,0,0,0,0,0,0,0,0,0,0,0,0,0,0,0,0,0,0,0,0,0,0,0,0,0,0,0,0,0,0,0,0,0,0,0,0,0,0,0,0,0,0,0,0,0,0,0,0,0,0,0,0,0,Endurance 17,Endurance,18:39:30,,13,01:19.170,00:00.846,00:06.090,00:13.648,0.0,13,13.648281,00:13.648,12.802777,+12.803s,
143.849,0,0,0,0,0,0,0,0,0,0,0,0,0,0,0,0,0,0,0,0,0,0,0,0,0,0,0,0,0,0,0,0,0,0,0,0,0,0,0,0,0,0,0,0,0,0,0,0,0,0,0,0,0,0,0,0,0,0,0,0,0,0,0,0,0,0,0,0,Endurance 17,Endurance,18:39:30,,13,01:19.170,00:00.846,00:06.090,00:13.648,0.0,13,13.648281,00:13.648,12.802777,+12.803s,
144.386,0,0,0,0,0,0,0,0,0,0,0,0,0,0,0,0,0,0,0,0,0,0,0,0,0,0,0,0,0,0,0,0,0,0,0,0,0,0,0,0,0,0,0,0,0,0,0,0,0,0,0,0,0,0,0,0,0,0,0,0,0,0,0,0,0,0,0,0,Endurance 17,Endurance,18:39:30,,13,01:19.170,00:00.846,00:06.090,00:13.648,0.0,13,13.648281,00:13.648,12.802777,+12.803s,
144.386,0,0,0,0,0,0,0,0,0,0,0,0,0,0,0,0,0,0,0,0,0,0,0,0,0,0,0,0,0,0,0,0,0,0,0,0,0,0,0,0,0,0,0,0,0,0,0,0,0,0,0,0,0,0,0,0,0,0,0,0,0,0,0,0,0,0,0,0,Endurance 17,Endurance,18:39:30,,13,01:19.170,00:00.846,00:06.090,00:13.648,0.0,13,13.648281,00:13.648,12.802777,+12.803s,
144.386,0,0,0,0,0,0,0,0,0,0,0,0,0,0,0,0,0,0,0,0,0,0,0,0,0,0,0,0,0,0,0,0,0,0,0,0,0,0,0,0,0,0,0,0,0,0,0,0,0,0,0,0,0,0,0,0,0,0,0,0,0,0,0,0,0,0,0,0,Endurance 17,Endurance,18:39:30,,14,01:19.707,00:00.537,00:05.693,00:00.537,0.0,14,0.537126,00:00.537,0.000000,0.000s,BEST
144.386,0,0,0,0,0,0,0,0,0,0,0,0,0,0,0,0,0,0,0,0,0,0,0,0,0,0,0,0,0,0,0,0,0,0,0,0,0,0,0,0,0,0,0,0,0,0,0,0,0,0,0,0,0,0,0,0,0,0,0,0,0,0,0,0,0,0,0,0,Endurance 17,Endurance,18:39:30,,14,01:19.707,00:00.537,00:05.693,00:00.537,0.0,14,0.537126,00:00.537,0.000000,0.000s,BEST
151.750,0,0,0,0,0,0,0,0,0,0,0,0,0,0,0,0,0,0,0,0,0,0,0,0,0,0,0,0,0,0,0,0,0,0,0,0,0,0,0,0,0,0,0,0,0,0,0,0,0,0,0,0,0,0,0,0,0,0,0,0,0,0,0,0,0,0,0,0,Endurance 17,Endurance,18:39:30,,14,01:19.707,00:00.537,00:05.693,00:00.537,0.0,14,0.537126,00:00.537,0.000000,0.000s,BEST
151.750,0,0,0,0,0,0,0,0,0,0,0,0,0,0,0,0,0,0,0,0,0,0,0,0,0,0,0,0,0,0,0,0,0,0,0,0,0,0,0,0,0,0,0,0,0,0,0,0,0,0,0,0,0,0,0,0,0,0,0,0,0,0,0,0,0,0,0,0,Endurance 17,Endurance,18:39:30,,14,01:19.707,00:00.537,00:05.693,00:00.537,0.0,14,0.537126,00:00.537,0.000000,0.000s,BEST
151.750,0,0,0,0,0,0,0,0,0,0,0,0,0,0,0,0,0,0,0,0,0,0,0,0,0,0,0,0,0,0,0,0,0,0,0,0,0,0,0,0,0,0,0,0,0,0,0,0,0,0,0,0,0,0,0,0,0,0,0,0,0,0,0,0,0,0,0,0,Endurance 17,Endurance,18:39:30,,15,01:27.070,00:00.537,00:05.805,00:07.364,0.0,15,7.363838,00:07.364,6.826712,+6.827s,
151.750,0,0,0,0,0,0,0,0,0,0,0,0,0,0,0,0,0,0,0,0,0,0,0,0,0,0,0,0,0,0,0,0,0,0,0,0,0,0,0,0,0,0,0,0,0,0,0,0,0,0,0,0,0,0,0,0,0,0,0,0,0,0,0,0,0,0,0,0,Endurance 17,Endurance,18:39:30,,15,01:27.070,00:00.537,00:05.805,00:07.364,0.0,15,7.363838,00:07.364,6.826712,+6.827s,
156.465,0,0,0,0,0,0,0,0,0,0,0,0,0,0,0,0,0,0,0,0,0,0,0,0,0,0,0,0,0,0,0,0,0,0,0,0,0,0,0,0,0,0,0,0,0,0,0,0,0,0,0,0,0,0,0,0,0,0,0,0,0,0,0,0,0,0,0,0,Endurance 17,Endurance,18:39:30,,15,01:27.070,00:00.537,00:05.805,00:07.364,0.0,15,7.363838,00:07.364,6.826712,+6.827s,
156.465,0,0,0,0,0,0,0,0,0,0,0,0,0,0,0,0,0,0,0,0,0,0,0,0,0,0,0,0,0,0,0,0,0,0,0,0,0,0,0,0,0,0,0,0,0,0,0,0,0,0,0,0,0,0,0,0,0,0,0,0,0,0,0,0,0,0,0,0,Endurance 17,Endurance,18:39:30,,15,01:27.070,00:00.537,00:05.805,00:07.364,0.0,15,7.363838,00:07.364,6.826712,+6.827s,
156.465,0,0,0,0,0,0,0,0,0,0,0,0,0,0,0,0,0,0,0,0,0,0,0,0,0,0,0,0,0,0,0,0,0,0,0,0,0,0,0,0,0,0,0,0,0,0,0,0,0,0,0,0,0,0,0,0,0,0,0,0,0,0,0,0,0,0,0,0,Endurance 17,Endurance,18:39:30,,16,01:31.787,00:00.537,00:05.737,00:04.717,0.0,16,4.716512,00:04.717,4.179386,+4.179s,
156.465,0,0,0,0,0,0,0,0,0,0,0,0,0,0,0,0,0,0,0,0,0,0,0,0,0,0,0,0,0,0,0,0,0,0,0,0,0,0,0,0,0,0,0,0,0,0,0,0,0,0,0,0,0,0,0,0,0,0,0,0,0,0,0,0,0,0,0,0,Endurance 17,Endurance,18:39:30,,16,01:31.787,00:00.537,00:05.737,00:04.717,0.0,16,4.716512,00:04.717,4.179386,+4.179s,
159.338,0,0,0,0,0,0,0,0,0,0,0,0,0,0,0,0,0,0,0,0,0,0,0,0,0,0,0,0,0,0,0,0,0,0,0,0,0,0,0,0,0,0,0,0,0,0,0,0,0,0,0,0,0,0,0,0,0,0,0,0,0,0,0,0,0,0,0,0,Endurance 17,Endurance,18:39:30,,16,01:31.787,00:00.537,00:05.737,00:04.717,0.0,16,4.716512,00:04.717,4.179386,+4.179s,
159.338,0,0,0,0,0,0,0,0,0,0,0,0,0,0,0,0,0,0,0,0,0,0,0,0,0,0,0,0,0,0,0,0,0,0,0,0,0,0,0,0,0,0,0,0,0,0,0,0,0,0,0,0,0,0,0,0,0,0,0,0,0,0,0,0,0,0,0,0,Endurance 17,Endurance,18:39:30,,16,01:31.787,00:00.537,00:05.737,00:04.717,0.0,16,4.716512,00:04.717,4.179386,+4.179s,
159.338,0,0,0,0,0,0,0,0,0,0,0,0,0,0,0,0,0,0,0,0,0,0,0,0,0,0,0,0,0,0,0,0,0,0,0,0,0,0,0,0,0,0,0,0,0,0,0,0,0,0,0,0,0,0,0,0,0,0,0,0,0,0,0,0,0,0,0,0,Endurance 17,Endurance,18:39:30,,17,01:34.660,00:00.537,00:05.568,00:02.873,0.0,17,2.873091,00:02.873,2.335965,+2.336s,
159.338,0,0,0,0,0,0,0,0,0,0,0,0,0,0,0,0,0,0,0,0,0,0,0,0,0,0,0,0,0,0,0,0,0,0,0,0,0,0,0,0,0,0,0,0,0,0,0,0,0,0,0,0,0,0,0,0,0,0,0,0,0,0,0,0,0,0,0,0,Endurance 17,Endurance,18:39:30,,17,01:34.660,00:00.537,00:05.568,00:02.873,0.0,17,2.873091,00:02.873,2.335965,+2.336s,
192.077,0,0,0,0,0,0,0,0,0,0,0,0,0,0,0,0,0,0,0,0,0,0,0,0,0,0,0,0,0,0,0,0,0,0,0,0,0,0,0,0,0,0,0,0,0,0,0,0,0,0,0,0,0,0,0,0,0,0,0,0,0,0,0,0,0,0,0,0,Endurance 17,Endurance,18:39:30,,17,01:34.660,00:00.537,00:05.568,00:02.873,0.0,17,2.873091,00:02.873,2.335965,+2.336s,
192.077,0,0,0,0,0,0,0,0,0,0,0,0,0,0,0,0,0,0,0,0,0,0,0,0,0,0,0,0,0,0,0,0,0,0,0,0,0,0,0,0,0,0,0,0,0,0,0,0,0,0,0,0,0,0,0,0,0,0,0,0,0,0,0,0,0,0,0,0,Endurance 17,Endurance,18:39:30,,17,01:34.660,00:00.537,00:05.568,00:02.873,0.0,17,2.873091,00:02.873,2.335965,+2.336s,
192.077,0,0,0,0,0,0,0,0,0,0,0,0,0,0,0,0,0,0,0,0,0,0,0,0,0,0,0,0,0,0,0,0,0,0,0,0,0,0,0,0,0,0,0,0,0,0,0,0,0,0,0,0,0,0,0,0,0,0,0,0,0,0,0,0,0,0,0,0,Endurance 17,Endurance,18:39:30,,18,02:07.399,00:00.537,00:07.078,00:32.739,0.0,18,32.739198,00:32.739,32.202072,+32.202s,
192.077,0,0,0,0,0,0,0,0,0,0,0,0,0,0,0,0,0,0,0,0,0,0,0,0,0,0,0,0,0,0,0,0,0,0,0,0,0,0,0,0,0,0,0,0,0,0,0,0,0,0,0,0,0,0,0,0,0,0,0,0,0,0,0,0,0,0,0,0,Endurance 17,Endurance,18:39:30,,18,02:07.399,00:00.537,00:07.078,00:32.739,0.0,18,32.739198,00:32.739,32.202072,+32.202s,
192.679,0,0,0,0,0,0,0,0,0,0,0,0,0,0,0,0,0,0,0,0,0,0,0,0,0,0,0,0,0,0,0,0,0,0,0,0,0,0,0,0,0,0,0,0,0,0,0,0,0,0,0,0,0,0,0,0,0,0,0,0,0,0,0,0,0,0,0,0,Endurance 17,Endurance,18:39:30,,18,02:07.399,00:00.537,00:07.078,00:32.739,0.0,18,32.739198,00:32.739,32.202072,+32.202s,
192.679,0,0,0,0,0,0,0,0,0,0,0,0,0,0,0,0,0,0,0,0,0,0,0,0,0,0,0,0,0,0,0,0,0,0,0,0,0,0,0,0,0,0,0,0,0,0,0,0,0,0,0,0,0,0,0,0,0,0,0,0,0,0,0,0,0,0,0,0,Endurance 17,Endurance,18:39:30,,18,02:07.399,00:00.537,00:07.078,00:32.739,0.0,18,32.739198,00:32.739,32.202072,+32.202s,
192.679,0,0,0,0,0,0,0,0,0,0,0,0,0,0,0,0,0,0,0,0,0,0,0,0,0,0,0,0,0,0,0,0,0,0,0,0,0,0,0,0,0,0,0,0,0,0,0,0,0,0,0,0,0,0,0,0,0,0,0,0,0,0,0,0,0,0,0,0,Endurance 17,Endurance,18:39:30,,19,02:08.000,00:00.537,00:06.737,00:00.601,0.0,19,0.600527,00:00.601,0.063401,+0.063s,
192.679,0,0,0,0,0,0,0,0,0,0,0,0,0,0,0,0,0,0,0,0,0,0,0,0,0,0,0,0,0,0,0,0,0,0,0,0,0,0,0,0,0,0,0,0,0,0,0,0,0,0,0,0,0,0,0,0,0,0,0,0,0,0,0,0,0,0,0,0,Endurance 17,Endurance,18:39:30,,19,02:08.000,00:00.537,00:06.737,00:00.601,0.0,19,0.600527,00:00.601,0.063401,+0.063s,
196.971,0,0,0,0,0,0,0,0,0,0,0,0,0,0,0,0,0,0,0,0,0,0,0,0,0,0,0,0,0,0,0,0,0,0,0,0,0,0,0,0,0,0,0,0,0,0,0,0,0,0,0,0,0,0,0,0,0,0,0,0,0,0,0,0,0,0,0,0,Endurance 17,Endurance,18:39:30,,19,02:08.000,00:00.537,00:06.737,00:00.601,0.0,19,0.600527,00:00.601,0.063401,+0.063s,
196.971,0,0,0,0,0,0,0,0,0,0,0,0,0,0,0,0,0,0,0,0,0,0,0,0,0,0,0,0,0,0,0,0,0,0,0,0,0,0,0,0,0,0,0,0,0,0,0,0,0,0,0,0,0,0,0,0,0,0,0,0,0,0,0,0,0,0,0,0,Endurance 17,Endurance,18:39:30,,19,02:08.000,00:00.537,00:06.737,00:00.601,0.0,19,0.600527,00:00.601,0.063401,+0.063s,
196.971,0,0,0,0,0,0,0,0,0,0,0,0,0,0,0,0,0,0,0,0,0,0,0,0,0,0,0,0,0,0,0,0,0,0,0,0,0,0,0,0,0,0,0,0,0,0,0,0,0,0,0,0,0,0,0,0,0,0,0,0,0,0,0,0,0,0,0,0,Endurance 17,Endurance,18:39:30,,20,02:12.293,00:00.537,00:06.615,00:04.293,0.0,20,4.292934,00:04.293,3.755808,+3.756s,
196.971,0,0,0,0,0,0,0,0,0,0,0,0,0,0,0,0,0,0,0,0,0,0,0,0,0,0,0,0,0,0,0,0,0,0,0,0,0,0,0,0,0,0,0,0,0,0,0,0,0,0,0,0,0,0,0,0,0,0,0,0,0,0,0,0,0,0,0,0,Endurance 17,Endurance,18:39:30,,20,02:12.293,00:00.537,00:06.615,00:04.293,0.0,20,4.292934,00:04.293,3.755808,+3.756s,
199.688,0,0,0,0,0,0,0,0,0,0,0,0,0,0,0,0,0,0,0,0,0,0,0,0,0,0,0,0,0,0,0,0,0,0,0,0,0,0,0,0,0,0,0,0,0,0,0,0,0,0,0,0,0,0,0,0,0,0,0,0,0,0,0,0,0,0,0,0,Endurance 17,Endurance,18:39:30,,20,02:12.293,00:00.537,00:06.615,00:04.293,0.0,20,4.292934,00:04.293,3.755808,+3.756s,
199.688,0,0,0,0,0,0,0,0,0,0,0,0,0,0,0,0,0,0,0,0,0,0,0,0,0,0,0,0,0,0,0,0,0,0,0,0,0,0,0,0,0,0,0,0,0,0,0,0,0,0,0,0,0,0,0,0,0,0,0,0,0,0,0,0,0,0,0,0,Endurance 17,Endurance,18:39:30,,20,02:12.293,00:00.537,00:06.615,00:04.293,0.0,20,4.292934,00:04.293,3.755808,+3.756s,
199.688,0,0,0,0,0,0,0,0,0,0,0,0,0,0,0,0,0,0,0,0,0,0,0,0,0,0,0,0,0,0,0,0,0,0,0,0,0,0,0,0,0,0,0,0,0,0,0,0,0,0,0,0,0,0,0,0,0,0,0,0,0,0,0,0,0,0,0,0,Endurance 17,Endurance,18:39:30,,21,02:15.010,00:00.537,00:06.429,00:02.718,0.0,21,2.717597,00:02.718,2.180471,+2.180s,
199.688,0,0,0,0,0,0,0,0,0,0,0,0,0,0,0,0,0,0,0,0,0,0,0,0,0,0,0,0,0,0,0,0,0,0,0,0,0,0,0,0,0,0,0,0,0,0,0,0,0,0,0,0,0,0,0,0,0,0,0,0,0,0,0,0,0,0,0,0,Endurance 17,Endurance,18:39:30,,21,02:15.010,00:00.537,00:06.429,00:02.718,0.0,21,2.717597,00:02.718,2.180471,+2.180s,
203.633,0,0,0,0,0,0,0,0,0,0,0,0,0,0,0,0,0,0,0,0,0,0,0,0,0,0,0,0,0,0,0,0,0,0,0,0,0,0,0,0,0,0,0,0,0,0,0,0,0,0,0,0,0,0,0,0,0,0,0,0,0,0,0,0,0,0,0,0,Endurance 17,Endurance,18:39:30,,21,02:15.010,00:00.537,00:06.429,00:02.718,0.0,21,2.717597,00:02.718,2.180471,+2.180s,
203.633,0,0,0,0,0,0,0,0,0,0,0,0,0,0,0,0,0,0,0,0,0,0,0,0,0,0,0,0,0,0,0,0,0,0,0,0,0,0,0,0,0,0,0,0,0,0,0,0,0,0,0,0,0,0,0,0,0,0,0,0,0,0,0,0,0,0,0,0,Endurance 17,Endurance,18:39:30,,21,02:15.010,00:00.537,00:06.429,00:02.718,0.0,21,2.717597,00:02.718,2.180471,+2.180s,
203.633,0,0,0,0,0,0,0,0,0,0,0,0,0,0,0,0,0,0,0,0,0,0,0,0,0,0,0,0,0,0,0,0,0,0,0,0,0,0,0,0,0,0,0,0,0,0,0,0,0,0,0,0,0,0,0,0,0,0,0,0,0,0,0,0,0,0,0,0,Endurance 17,Endurance,18:39:30,,22,02:18.954,00:00.537,00:06.316,00:03.944,0.0,22,3.943928,00:03.944,3.406802,+3.407s,
203.633,0,0,0,0,0,0,0,0,0,0,0,0,0,0,0,0,0,0,0,0,0,0,0,0,0,0,0,0,0,0,0,0,0,0,0,0,0,0,0,0,0,0,0,0,0,0,0,0,0,0,0,0,0,0,0,0,0,0,0,0,0,0,0,0,0,0,0,0,Endurance 17,Endurance,18:39:30,,22,02:18.954,00:00.537,00:06.316,00:03.944,0.0,22,3.943928,00:03.944,3.406802,+3.407s,
204.246,0,0,0,0,0,0,0,0,0,0,0,0,0,0,0,0,0,0,0,0,0,0,0,0,0,0,0,0,0,0,0,0,0,0,0,0,0,0,0,0,0,0,0,0,0,0,0,0,0,0,0,0,0,0,0,0,0,0,0,0,0,0,0,0,0,0,0,0,Endurance 17,Endurance,18:39:30,,22,02:18.954,00:00.537,00:06.316,00:03.944,0.0,22,3.943928,00:03.944,3.406802,+3.407s,
204.246,0,0,0,0,0,0,0,0,0,0,0,0,0,0,0,0,0,0,0,0,0,0,0,0,0,0,0,0,0,0,0,0,0,0,0,0,0,0,0,0,0,0,0,0,0,0,0,0,0,0,0,0,0,0,0,0,0,0,0,0,0,0,0,0,0,0,0,0,Endurance 17,Endurance,18:39:30,,22,02:18.954,00:00.537,00:06.316,00:03.944,0.0,22,3.943928,00:03.944,3.406802,+3.407s,
204.246,0,0,0,0,0,0,0,0,0,0,0,0,0,0,0,0,0,0,0,0,0,0,0,0,0,0,0,0,0,0,0,0,0,0,0,0,0,0,0,0,0,0,0,0,0,0,0,0,0,0,0,0,0,0,0,0,0,0,0,0,0,0,0,0,0,0,0,0,Endurance 17,Endurance,18:39:30,,23,02:19.567,00:00.537,00:06.068,00:00.613,0.0,23,0.612936,00:00.613,0.075810,+0.076s,
204.246,0,0,0,0,0,0,0,0,0,0,0,0,0,0,0,0,0,0,0,0,0,0,0,0,0,0,0,0,0,0,0,0,0,0,0,0,0,0,0,0,0,0,0,0,0,0,0,0,0,0,0,0,0,0,0,0,0,0,0,0,0,0,0,0,0,0,0,0,Endurance 17,Endurance,18:39:30,,23,02:19.567,00:00.537,00:06.068,00:00.613,0.0,23,0.612936,00:00.613,0.075810,+0.076s,
212.998,0,0,0,0,0,0,0,0,0,0,0,0,0,0,0,0,0,0,0,0,0,0,0,0,0,0,0,0,0,0,0,0,0,0,0,0,0,0,0,0,0,0,0,0,0,0,0,0,0,0,0,0,0,0,0,0,0,0,0,0,0,0,0,0,0,0,0,0,Endurance 17,Endurance,18:39:30,,23,02:19.567,00:00.537,00:06.068,00:00.613,0.0,23,0.612936,00:00.613,0.075810,+0.076s,
212.998,0,0,0,0,0,0,0,0,0,0,0,0,0,0,0,0,0,0,0,0,0,0,0,0,0,0,0,0,0,0,0,0,0,0,0,0,0,0,0,0,0,0,0,0,0,0,0,0,0,0,0,0,0,0,0,0,0,0,0,0,0,0,0,0,0,0,0,0,Endurance 17,Endurance,18:39:30,,23,02:19.567,00:00.537,00:06.068,00:00.613,0.0,23,0.612936,00:00.613,0.075810,+0.076s,
212.998,0,0,0,0,0,0,0,0,0,0,0,0,0,0,0,0,0,0,0,0,0,0,0,0,0,0,0,0,0,0,0,0,0,0,0,0,0,0,0,0,0,0,0,0,0,0,0,0,0,0,0,0,0,0,0,0,0,0,0,0,0,0,0,0,0,0,0,0,Endurance 17,Endurance,18:39:30,,24,02:28.316,00:00.537,00:06.180,00:08.749,0.0,24,8.748614,00:08.749,8.211488,+8.211s,
212.998,0,0,0,0,0,0,0,0,0,0,0,0,0,0,0,0,0,0,0,0,0,0,0,0,0,0,0,0,0,0,0,0,0,0,0,0,0,0,0,0,0,0,0,0,0,0,0,0,0,0,0,0,0,0,0,0,0,0,0,0,0,0,0,0,0,0,0,0,Endurance 17,Endurance,18:39:30,,24,02:28.316,00:00.537,00:06.180,00:08.749,0.0,24,8.748614,00:08.749,8.211488,+8.211s,
216.860,0,0,0,0,0,0,0,0,0,0,0,0,0,0,0,0,0,0,0,0,0,0,0,0,0,0,0,0,0,0,0,0,0,0,0,0,0,0,0,0,0,0,0,0,0,0,0,0,0,0,0,0,0,0,0,0,0,0,0,0,0,0,0,0,0,0,0,0,Endurance 17,Endurance,18:39:30,,24,02:28.316,00:00.537,00:06.180,00:08.749,0.0,24,8.748614,00:08.749,8.211488,+8.211s,
216.860,0,0,0,0,0,0,0,0,0,0,0,0,0,0,0,0,0,0,0,0,0,0,0,0,0,0,0,0,0,0,0,0,0,0,0,0,0,0,0,0,0,0,0,0,0,0,0,0,0,0,0,0,0,0,0,0,0,0,0,0,0,0,0,0,0,0,0,0,Endurance 17,Endurance,18:39:30,,24,02:28.316,00:00.537,00:06.180,00:08.749,0.0,24,8.748614,00:08.749,8.211488,+8.211s,
216.860,0,0,0,0,0,0,0,0,0,0,0,0,0,0,0,0,0,0,0,0,0,0,0,0,0,0,0,0,0,0,0,0,0,0,0,0,0,0,0,0,0,0,0,0,0,0,0,0,0,0,0,0,0,0,0,0,0,0,0,0,0,0,0,0,0,0,0,0,Endurance 17,Endurance,18:39:30,,25,02:32.182,00:00.537,00:06.087,00:03.866,0.0,25,3.866103,00:03.866,3.328977,+3.329s,
216.860,0,0,0,0,0,0,0,0,0,0,0,0,0,0,0,0,0,0,0,0,0,0,0,0,0,0,0,0,0,0,0,0,0,0,0,0,0,0,0,0,0,0,0,0,0,0,0,0,0,0,0,0,0,0,0,0,0,0,0,0,0,0,0,0,0,0,0,0,Endurance 17,Endurance,18:39:30,,25,02:32.182,00:00.537,00:06.087,00:03.866,0.0,25,3.866103,00:03.866,3.328977,+3.329s,
220.009,0,0,0,0,0,0,0,0,0,0,0,0,0,0,0,0,0,0,0,0,0,0,0,0,0,0,0,0,0,0,0,0,0,0,0,0,0,0,0,0,0,0,0,0,0,0,0,0,0,0,0,0,0,0,0,0,0,0,0,0,0,0,0,0,0,0,0,0,Endurance 17,Endurance,18:39:30,,25,02:32.182,00:00.537,00:06.087,00:03.866,0.0,25,3.866103,00:03.866,3.328977,+3.329s,
220.009,0,0,0,0,0,0,0,0,0,0,0,0,0,0,0,0,0,0,0,0,0,0,0,0,0,0,0,0,0,0,0,0,0,0,0,0,0,0,0,0,0,0,0,0,0,0,0,0,0,0,0,0,0,0,0,0,0,0,0,0,0,0,0,0,0,0,0,0,Endurance 17,Endurance,18:39:30,,25,02:32.182,00:00.537,00:06.087,00:03.866,0.0,25,3.866103,00:03.866,3.328977,+3.329s,
220.009,0,0,0,0,0,0,0,0,0,0,0,0,0,0,0,0,0,0,0,0,0,0,0,0,0,0,0,0,0,0,0,0,0,0,0,0,0,0,0,0,0,0,0,0,0,0,0,0,0,0,0,0,0,0,0,0,0,0,0,0,0,0,0,0,0,0,0,0,Endurance 17,Endurance,18:39:30,,26,02:35.330,00:00.537,00:05.974,00:03.149,0.0,26,3.148501,00:03.149,2.611375,+2.611s,
220.009,0,0,0,0,0,0,0,0,0,0,0,0,0,0,0,0,0,0,0,0,0,0,0,0,0,0,0,0,0,0,0,0,0,0,0,0,0,0,0,0,0,0,0,0,0,0,0,0,0,0,0,0,0,0,0,0,0,0,0,0,0,0,0,0,0,0,0,0,Endurance 17,Endurance,18:39:30,,26,02:35.330,00:00.537,00:05.974,00:03.149,0.0,26,3.148501,00:03.149,2.611375,+2.611s,
223.571,0,0,0,0,0,0,0,0,0,0,0,0,0,0,0,0,0,0,0,0,0,0,0,0,0,0,0,0,0,0,0,0,0,0,0,0,0,0,0,0,0,0,0,0,0,0,0,0,0,0,0,0,0,0,0,0,0,0,0,0,0,0,0,0,0,0,0,0,Endurance 17,Endurance,18:39:30,,26,02:35.330,00:00.537,00:05.974,00:03.149,0.0,26,3.148501,00:03.149,2.611375,+2.611s,
223.571,0,0,0,0,0,0,0,0,0,0,0,0,0,0,0,0,0,0,0,0,0,0,0,0,0,0,0,0,0,0,0,0,0,0,0,0,0,0,0,0,0,0,0,0,0,0,0,0,0,0,0,0,0,0,0,0,0,0,0,0,0,0,0,0,0,0,0,0,Endurance 17,Endurance,18:39:30,,26,02:35.330,00:00.537,00:05.974,00:03.149,0.0,26,3.148501,00:03.149,2.611375,+2.611s,
223.571,0,0,0,0,0,0,0,0,0,0,0,0,0,0,0,0,0,0,0,0,0,0,0,0,0,0,0,0,0,0,0,0,0,0,0,0,0,0,0,0,0,0,0,0,0,0,0,0,0,0,0,0,0,0,0,0,0,0,0,0,0,0,0,0,0,0,0,0,Endurance 17,Endurance,18:39:30,,27,02:38.893,00:00.537,00:05.885,00:03.562,0.0,27,3.562488,00:03.562,3.025362,+3.025s,
223.571,0,0,0,0,0,0,0,0,0,0,0,0,0,0,0,0,0,0,0,0,0,0,0,0,0,0,0,0,0,0,0,0,0,0,0,0,0,0,0,0,0,0,0,0,0,0,0,0,0,0,0,0,0,0,0,0,0,0,0,0,0,0,0,0,0,0,0,0,Endurance 17,Endurance,18:39:30,,27,02:38.893,00:00.537,00:05.885,00:03.562,0.0,27,3.562488,00:03.562,3.025362,+3.025s,
226.748,0,0,0,0,0,0,0,0,0,0,0,0,0,0,0,0,0,0,0,0,0,0,0,0,0,0,0,0,0,0,0,0,0,0,0,0,0,0,0,0,0,0,0,0,0,0,0,0,0,0,0,0,0,0,0,0,0,0,0,0,0,0,0,0,0,0,0,0,Endurance 17,Endurance,18:39:30,,27,02:38.893,00:00.537,00:05.885,00:03.562,0.0,27,3.562488,00:03.562,3.025362,+3.025s,
226.749,0,0,0,0,0,0,0,0,0,0,0,0,0,0,0,0,0,0,0,0,0,0,0,0,0,0,0,0,0,0,0,0,0,0,0,0,0,0,0,0,0,0,0,0,0,0,0,0,0,0,0,0,0,0,0,0,0,0,0,0,0,0,0,0,0,0,0,0,Endurance 17,Endurance,18:39:30,,27,02:38.893,00:00.537,00:05.885,00:03.562,0.0,27,3.562488,00:03.562,3.025362,+3.025s,
226.749,0,0,0,0,0,0,0,0,0,0,0,0,0,0,0,0,0,0,0,0,0,0,0,0,0,0,0,0,0,0,0,0,0,0,0,0,0,0,0,0,0,0,0,0,0,0,0,0,0,0,0,0,0,0,0,0,0,0,0,0,0,0,0,0,0,0,0,0,Endurance 17,Endurance,18:39:30,,28,02:42.070,00:00.537,00:05.788,00:03.178,0.0,28,3.177528,00:03.178,2.640402,+2.640s,
226.749,0,0,0,0,0,0,0,0,0,0,0,0,0,0,0,0,0,0,0,0,0,0,0,0,0,0,0,0,0,0,0,0,0,0,0,0,0,0,0,0,0,0,0,0,0,0,0,0,0,0,0,0,0,0,0,0,0,0,0,0,0,0,0,0,0,0,0,0,Endurance 17,Endurance,18:39:30,,28,02:42.070,00:00.537,00:05.788,00:03.178,0.0,28,3.177528,00:03.178,2.640402,+2.640s,
260.544,0,0,0,0,0,0,0,0,0,0,0,0,0,0,0,0,0,0,0,0,0,0,0,0,0,0,0,0,0,0,0,0,0,0,0,0,0,0,0,0,0,0,0,0,0,0,0,0,0,0,0,0,0,0,0,0,0,0,0,0,0,0,0,0,0,0,0,0,Endurance 17,Endurance,18:39:30,,28,02:42.070,00:00.537,00:05.788,00:03.178,0.0,28,3.177528,00:03.178,2.640402,+2.640s,
260.544,0,0,0,0,0,0,0,0,0,0,0,0,0,0,0,0,0,0,0,0,0,0,0,0,0,0,0,0,0,0,0,0,0,0,0,0,0,0,0,0,0,0,0,0,0,0,0,0,0,0,0,0,0,0,0,0,0,0,0,0,0,0,0,0,0,0,0,0,Endurance 17,Endurance,18:39:30,,28,02:42.070,00:00.537,00:05.788,00:03.178,0.0,28,3.177528,00:03.178,2.640402,+2.640s,
260.544,0,0,0,0,0,0,0,0,0,0,0,0,0,0,0,0,0,0,0,0,0,0,0,0,0,0,0,0,0,0,0,0,0,0,0,0,0,0,0,0,0,0,0,0,0,0,0,0,0,0,0,0,0,0,0,0,0,0,0,0,0,0,0,0,0,0,0,0,Endurance 17,Endurance,18:39:30,,29,03:15.866,00:00.537,00:06.754,00:33.796,0.0,29,33.795587,00:33.796,33.258461,+33.258s,
260.544,0,0,0,0,0,0,0,0,0,0,0,0,0,0,0,0,0,0,0,0,0,0,0,0,0,0,0,0,0,0,0,0,0,0,0,0,0,0,0,0,0,0,0,0,0,0,0,0,0,0,0,0,0,0,0,0,0,0,0,0,0,0,0,0,0,0,0,0,Endurance 17,Endurance,18:39:30,,29,03:15.866,00:00.537,00:06.754,00:33.796,0.0,29,33.795587,00:33.796,33.258461,+33.258s,
268.175,0,0,0,0,0,0,0,0,0,0,0,0,0,0,0,0,0,0,0,0,0,0,0,0,0,0,0,0,0,0,0,0,0,0,0,0,0,0,0,0,0,0,0,0,0,0,0,0,0,0,0,0,0,0,0,0,0,0,0,0,0,0,0,0,0,0,0,0,Endurance 17,Endurance,18:39:30,,29,03:15.866,00:00.537,00:06.754,00:33.796,0.0,29,33.795587,00:33.796,33.258461,+33.258s,
268.175,0,0,0,0,0,0,0,0,0,0,0,0,0,0,0,0,0,0,0,0,0,0,0,0,0,0,0,0,0,0,0,0,0,0,0,0,0,0,0,0,0,0,0,0,0,0,0,0,0,0,0,0,0,0,0,0,0,0,0,0,0,0,0,0,0,0,0,0,Endurance 17,Endurance,18:39:30,,29,03:15.866,00:00.537,00:06.754,00:33.796,0.0,29,33.795587,00:33.796,33.258461,+33.258s,
268.175,0,0,0,0,0,0,0,0,0,0,0,0,0,0,0,0,0,0,0,0,0,0,0,0,0,0,0,0,0,0,0,0,0,0,0,0,0,0,0,0,0,0,0,0,0,0,0,0,0,0,0,0,0,0,0,0,0,0,0,0,0,0,0,0,0,0,0,0,Endurance 17,Endurance,18:39:30,,30,03:23.497,00:00.537,00:06.783,00:07.631,0.0,30,7.630885,00:07.631,7.093759,+7.094s,
268.175,0,0,0,0,0,0,0,0,0,0,0,0,0,0,0,0,0,0,0,0,0,0,0,0,0,0,0,0,0,0,0,0,0,0,0,0,0,0,0,0,0,0,0,0,0,0,0,0,0,0,0,0,0,0,0,0,0,0,0,0,0,0,0,0,0,0,0,0,Endurance 17,Endurance,18:39:30,,30,03:23.497,00:00.537,00:06.783,00:07.631,0.0,30,7.630885,00:07.631,7.093759,+7.094s,
277.061,0,0,0,0,0,0,0,0,0,0,0,0,0,0,0,0,0,0,0,0,0,0,0,0,0,0,0,0,0,0,0,0,0,0,0,0,0,0,0,0,0,0,0,0,0,0,0,0,0,0,0,0,0,0,0,0,0,0,0,0,0,0,0,0,0,0,0,0,Endurance 17,Endurance,18:39:30,,30,03:23.497,00:00.537,00:06.783,00:07.631,0.0,30,7.630885,00:07.631,7.093759,+7.094s,
277.061,0,0,0,0,0,0,0,0,0,0,0,0,0,0,0,0,0,0,0,0,0,0,0,0,0,0,0,0,0,0,0,0,0,0,0,0,0,0,0,0,0,0,0,0,0,0,0,0,0,0,0,0,0,0,0,0,0,0,0,0,0,0,0,0,0,0,0,0,Endurance 17,Endurance,18:39:30,,30,03:23.497,00:00.537,00:06.783,00:07.631,0.0,30,7.630885,00:07.631,7.093759,+7.094s,
277.061,0,0,0,0,0,0,0,0,0,0,0,0,0,0,0,0,0,0,0,0,0,0,0,0,0,0,0,0,0,0,0,0,0,0,0,0,0,0,0,0,0,0,0,0,0,0,0,0,0,0,0,0,0,0,0,0,0,0,0,0,0,0,0,0,0,0,0,0,Endurance 17,Endurance,18:39:30,,31,03:32.384,00:00.537,00:06.851,00:08.887,0.0,31,8.887183,00:08.887,8.350057,+8.350s,
277.061,0,0,0,0,0,0,0,0,0,0,0,0,0,0,0,0,0,0,0,0,0,0,0,0,0,0,0,0,0,0,0,0,0,0,0,0,0,0,0,0,0,0,0,0,0,0,0,0,0,0,0,0,0,0,0,0,0,0,0,0,0,0,0,0,0,0,0,0,Endurance 17,Endurance,18:39:30,,31,03:32.384,00:00.537,00:06.851,00:08.887,0.0,31,8.887183,00:08.887,8.350057,+8.350s,
277.560,0,0,0,0,0,0,0,0,0,0,0,0,0,0,0,0,0,0,0,0,0,0,0,0,0,0,0,0,0,0,0,0,0,0,0,0,0,0,0,0,0,0,0,0,0,0,0,0,0,0,0,0,0,0,0,0,0,0,0,0,0,0,0,0,0,0,0,0,Endurance 17,Endurance,18:39:30,,31,03:32.384,00:00.537,00:06.851,00:08.887,0.0,31,8.887183,00:08.887,8.350057,+8.350s,
277.560,0,0,0,0,0,0,0,0,0,0,0,0,0,0,0,0,0,0,0,0,0,0,0,0,0,0,0,0,0,0,0,0,0,0,0,0,0,0,0,0,0,0,0,0,0,0,0,0,0,0,0,0,0,0,0,0,0,0,0,0,0,0,0,0,0,0,0,0,Endurance 17,Endurance,18:39:30,,31,03:32.384,00:00.537,00:06.851,00:08.887,0.0,31,8.887183,00:08.887,8.350057,+8.350s,
277.560,0,0,0,0,0,0,0,0,0,0,0,0,0,0,0,0,0,0,0,0,0,0,0,0,0,0,0,0,0,0,0,0,0,0,0,0,0,0,0,0,0,0,0,0,0,0,0,0,0,0,0,0,0,0,0,0,0,0,0,0,0,0,0,0,0,0,0,0,Endurance 17,Endurance,18:39:30,,32,03:32.883,00:00.499,00:06.653,00:00.499,0.0,32,0.498639,00:00.499,0.000000,0.000s,BEST
277.560,0,0,0,0,0,0,0,0,0,0,0,0,0,0,0,0,0,0,0,0,0,0,0,0,0,0,0,0,0,0,0,0,0,0,0,0,0,0,0,0,0,0,0,0,0,0,0,0,0,0,0,0,0,0,0,0,0,0,0,0,0,0,0,0,0,0,0,0,Endurance 17,Endurance,18:39:30,,32,03:32.883,00:00.499,00:06.653,00:00.499,0.0,32,0.498639,00:00.499,0.000000,0.000s,BEST
285.705,0,0,0,0,0,0,0,0,0,0,0,0,0,0,0,0,0,0,0,0,0,0,0,0,0,0,0,0,0,0,0,0,0,0,0,0,0,0,0,0,0,0,0,0,0,0,0,0,0,0,0,0,0,0,0,0,0,0,0,0,0,0,0,0,0,0,0,0,Endurance 17,Endurance,18:39:30,,32,03:32.883,00:00.499,00:06.653,00:00.499,0.0,32,0.498639,00:00.499,0.000000,0.000s,BEST
285.705,0,0,0,0,0,0,0,0,0,0,0,0,0,0,0,0,0,0,0,0,0,0,0,0,0,0,0,0,0,0,0,0,0,0,0,0,0,0,0,0,0,0,0,0,0,0,0,0,0,0,0,0,0,0,0,0,0,0,0,0,0,0,0,0,0,0,0,0,Endurance 17,Endurance,18:39:30,,32,03:32.883,00:00.499,00:06.653,00:00.499,0.0,32,0.498639,00:00.499,0.000000,0.000s,BEST
285.705,0,0,0,0,0,0,0,0,0,0,0,0,0,0,0,0,0,0,0,0,0,0,0,0,0,0,0,0,0,0,0,0,0,0,0,0,0,0,0,0,0,0,0,0,0,0,0,0,0,0,0,0,0,0,0,0,0,0,0,0,0,0,0,0,0,0,0,0,Endurance 17,Endurance,18:39:30,,33,03:41.028,00:00.499,00:06.698,00:08.145,0.0,33,8.144996,00:08.145,7.646357,+7.646s,
285.705,0,0,0,0,0,0,0,0,0,0,0,0,0,0,0,0,0,0,0,0,0,0,0,0,0,0,0,0,0,0,0,0,0,0,0,0,0,0,0,0,0,0,0,0,0,0,0,0,0,0,0,0,0,0,0,0,0,0,0,0,0,0,0,0,0,0,0,0,Endurance 17,Endurance,18:39:30,,33,03:41.028,00:00.499,00:06.698,00:08.145,0.0,33,8.144996,00:08.145,7.646357,+7.646s,
286.138,0,0,0,0,0,0,0,0,0,0,0,0,0,0,0,0,0,0,0,0,0,0,0,0,0,0,0,0,0,0,0,0,0,0,0,0,0,0,0,0,0,0,0,0,0,0,0,0,0,0,0,0,0,0,0,0,0,0,0,0,0,0,0,0,0,0,0,0,Endurance 17,Endurance,18:39:30,,33,03:41.028,00:00.499,00:06.698,00:08.145,0.0,33,8.144996,00:08.145,7.646357,+7.646s,
286.138,0,0,0,0,0,0,0,0,0,0,0,0,0,0,0,0,0,0,0,0,0,0,0,0,0,0,0,0,0,0,0,0,0,0,0,0,0,0,0,0,0,0,0,0,0,0,0,0,0,0,0,0,0,0,0,0,0,0,0,0,0,0,0,0,0,0,0,0,Endurance 17,Endurance,18:39:30,,33,03:41.028,00:00.499,00:06.698,00:08.145,0.0,33,8.144996,00:08.145,7.646357,+7.646s,
286.138,0,0,0,0,0,0,0,0,0,0,0,0,0,0,0,0,0,0,0,0,0,0,0,0,0,0,0,0,0,0,0,0,0,0,0,0,0,0,0,0,0,0,0,0,0,0,0,0,0,0,0,0,0,0,0,0,0,0,0,0,0,0,0,0,0,0,0,0,Endurance 17,Endurance,18:39:30,,34,03:41.461,00:00.433,00:06.514,00:00.433,0.0,34,0.433228,00:00.433,0.000000,0.000s,BEST
286.138,0,0,0,0,0,0,0,0,0,0,0,0,0,0,0,0,0,0,0,0,0,0,0,0,0,0,0,0,0,0,0,0,0,0,0,0,0,0,0,0,0,0,0,0,0,0,0,0,0,0,0,0,0,0,0,0,0,0,0,0,0,0,0,0,0,0,0,0,Endurance 17,Endurance,18:39:30,,34,03:41.461,00:00.433,00:06.514,00:00.433,0.0,34,0.433228,00:00.433,0.000000,0.000s,BEST
290.078,0,0,0,0,0,0,0,0,0,0,0,0,0,0,0,0,0,0,0,0,0,0,0,0,0,0,0,0,0,0,0,0,0,0,0,0,0,0,0,0,0,0,0,0,0,0,0,0,0,0,0,0,0,0,0,0,0,0,0,0,0,0,0,0,0,0,0,0,Endurance 17,Endurance,18:39:30,,34,03:41.461,00:00.433,00:06.514,00:00.433,0.0,34,0.433228,00:00.433,0.000000,0.000s,BEST
290.078,0,0,0,0,0,0,0,0,0,0,0,0,0,0,0,0,0,0,0,0,0,0,0,0,0,0,0,0,0,0,0,0,0,0,0,0,0,0,0,0,0,0,0,0,0,0,0,0,0,0,0,0,0,0,0,0,0,0,0,0,0,0,0,0,0,0,0,0,Endurance 17,Endurance,18:39:30,,34,03:41.461,00:00.433,00:06.514,00:00.433,0.0,34,0.433228,00:00.433,0.000000,0.000s,BEST
290.078,0,0,0,0,0,0,0,0,0,0,0,0,0,0,0,0,0,0,0,0,0,0,0,0,0,0,0,0,0,0,0,0,0,0,0,0,0,0,0,0,0,0,0,0,0,0,0,0,0,0,0,0,0,0,0,0,0,0,0,0,0,0,0,0,0,0,0,0,Endurance 17,Endurance,18:39:30,,35,03:45.400,00:00.433,00:06.440,00:03.939,0.0,35,3.939218,00:03.939,3.505990,+3.506s,
290.078,0,0,0,0,0,0,0,0,0,0,0,0,0,0,0,0,0,0,0,0,0,0,0,0,0,0,0,0,0,0,0,0,0,0,0,0,0,0,0,0,0,0,0,0,0,0,0,0,0,0,0,0,0,0,0,0,0,0,0,0,0,0,0,0,0,0,0,0,Endurance 17,Endurance,18:39:30,,35,03:45.400,00:00.433,00:06.440,00:03.939,0.0,35,3.939218,00:03.939,3.505990,+3.506s,
291.693,0,0,0,0,0,0,0,0,0,0,0,0,0,0,0,0,0,0,0,0,0,0,0,0,0,0,0,0,0,0,0,0,0,0,0,0,0,0,0,0,0,0,0,0,0,0,0,0,0,0,0,0,0,0,0,0,0,0,0,0,0,0,0,0,0,0,0,0,Endurance 17,Endurance,18:39:30,,35,03:45.400,00:00.433,00:06.440,00:03.939,0.0,35,3.939218,00:03.939,3.505990,+3.506s,
291.693,0,0,0,0,0,0,0,0,0,0,0,0,0,0,0,0,0,0,0,0,0,0,0,0,0,0,0,0,0,0,0,0,0,0,0,0,0,0,0,0,0,0,0,0,0,0,0,0,0,0,0,0,0,0,0,0,0,0,0,0,0,0,0,0,0,0,0,0,Endurance 17,Endurance,18:39:30,,35,03:45.400,00:00.433,00:06.440,00:03.939,0.0,35,3.939218,00:03.939,3.505990,+3.506s,
291.693,0,0,0,0,0,0,0,0,0,0,0,0,0,0,0,0,0,0,0,0,0,0,0,0,0,0,0,0,0,0,0,0,0,0,0,0,0,0,0,0,0,0,0,0,0,0,0,0,0,0,0,0,0,0,0,0,0,0,0,0,0,0,0,0,0,0,0,0,Endurance 17,Endurance,18:39:30,,36,03:47.015,00:00.433,00:06.306,00:01.615,0.0,36,1.615144,00:01.615,1.181916,+1.182s,
291.693,0,0,0,0,0,0,0,0,0,0,0,0,0,0,0,0,0,0,0,0,0,0,0,0,0,0,0,0,0,0,0,0,0,0,0,0,0,0,0,0,0,0,0,0,0,0,0,0,0,0,0,0,0,0,0,0,0,0,0,0,0,0,0,0,0,0,0,0,Endurance 17,Endurance,18:39:30,,36,03:47.015,00:00.433,00:06.306,00:01.615,0.0,36,1.615144,00:01.615,1.181916,+1.182s,
295.914,0,0,0,0,0,0,0,0,0,0,0,0,0,0,0,0,0,0,0,0,0,0,0,0,0,0,0,0,0,0,0,0,0,0,0,0,0,0,0,0,0,0,0,0,0,0,0,0,0,0,0,0,0,0,0,0,0,0,0,0,0,0,0,0,0,0,0,0,Endurance 17,Endurance,18:39:30,,36,03:47.015,00:00.433,00:06.306,00:01.615,0.0,36,1.615144,00:01.615,1.181916,+1.182s,
295.914,0,0,0,0,0,0,0,0,0,0,0,0,0,0,0,0,0,0,0,0,0,0,0,0,0,0,0,0,0,0,0,0,0,0,0,0,0,0,0,0,0,0,0,0,0,0,0,0,0,0,0,0,0,0,0,0,0,0,0,0,0,0,0,0,0,0,0,0,Endurance 17,Endurance,18:39:30,,36,03:47.015,00:00.433,00:06.306,00:01.615,0.0,36,1.615144,00:01.615,1.181916,+1.182s,
295.914,0,0,0,0,0,0,0,0,0,0,0,0,0,0,0,0,0,0,0,0,0,0,0,0,0,0,0,0,0,0,0,0,0,0,0,0,0,0,0,0,0,0,0,0,0,0,0,0,0,0,0,0,0,0,0,0,0,0,0,0,0,0,0,0,0,0,0,0,Endurance 17,Endurance,18:39:30,,37,03:51.233,00:00.433,00:06.250,00:04.217,0.0,37,4.217360,00:04.217,3.784132,+3.784s,
295.914,0,0,0,0,0,0,0,0,0,0,0,0,0,0,0,0,0,0,0,0,0,0,0,0,0,0,0,0,0,0,0,0,0,0,0,0,0,0,0,0,0,0,0,0,0,0,0,0,0,0,0,0,0,0,0,0,0,0,0,0,0,0,0,0,0,0,0,0,Endurance 17,Endurance,18:39:30,,37,03:51.233,00:00.433,00:06.250,00:04.217,0.0,37,4.217360,00:04.217,3.784132,+3.784s,
302.304,0,0,0,0,0,0,0,0,0,0,0,0,0,0,0,0,0,0,0,0,0,0,0,0,0,0,0,0,0,0,0,0,0,0,0,0,0,0,0,0,0,0,0,0,0,0,0,0,0,0,0,0,0,0,0,0,0,0,0,0,0,0,0,0,0,0,0,0,Endurance 17,Endurance,18:39:30,,37,03:51.233,00:00.433,00:06.250,00:04.217,0.0,37,4.217360,00:04.217,3.784132,+3.784s,
302.304,0,0,0,0,0,0,0,0,0,0,0,0,0,0,0,0,0,0,0,0,0,0,0,0,0,0,0,0,0,0,0,0,0,0,0,0,0,0,0,0,0,0,0,0,0,0,0,0,0,0,0,0,0,0,0,0,0,0,0,0,0,0,0,0,0,0,0,0,Endurance 17,Endurance,18:39:30,,37,03:51.233,00:00.433,00:06.250,00:04.217,0.0,37,4.217360,00:04.217,3.784132,+3.784s,
302.304,0,0,0,0,0,0,0,0,0,0,0,0,0,0,0,0,0,0,0,0,0,0,0,0,0,0,0,0,0,0,0,0,0,0,0,0,0,0,0,0,0,0,0,0,0,0,0,0,0,0,0,0,0,0,0,0,0,0,0,0,0,0,0,0,0,0,0,0,Endurance 17,Endurance,18:39:30,,38,03:57.627,00:00.433,00:06.253,00:06.394,0.0,38,6.394044,00:06.394,5.960816,+5.961s,
302.304,0,0,0,0,0,0,0,0,0,0,0,0,0,0,0,0,0,0,0,0,0,0,0,0,0,0,0,0,0,0,0,0,0,0,0,0,0,0,0,0,0,0,0,0,0,0,0,0,0,0,0,0,0,0,0,0,0,0,0,0,0,0,0,0,0,0,0,0,Endurance 17,Endurance,18:39:30,,38,03:57.627,00:00.433,00:06.253,00:06.394,0.0,38,6.394044,00:06.394,5.960816,+5.961s,
304.467,0,0,0,0,0,0,0,0,0,0,0,0,0,0,0,0,0,0,0,0,0,0,0,0,0,0,0,0,0,0,0,0,0,0,0,0,0,0,0,0,0,0,0,0,0,0,0,0,0,0,0,0,0,0,0,0,0,0,0,0,0,0,0,0,0,0,0,0,Endurance 17,Endurance,18:39:30,,38,03:57.627,00:00.433,00:06.253,00:06.394,0.0,38,6.394044,00:06.394,5.960816,+5.961s,
304.467,0,0,0,0,0,0,0,0,0,0,0,0,0,0,0,0,0,0,0,0,0,0,0,0,0,0,0,0,0,0,0,0,0,0,0,0,0,0,0,0,0,0,0,0,0,0,0,0,0,0,0,0,0,0,0,0,0,0,0,0,0,0,0,0,0,0,0,0,Endurance 17,Endurance,18:39:30,,38,03:57.627,00:00.433,00:06.253,00:06.394,0.0,38,6.394044,00:06.394,5.960816,+5.961s,
304.467,0,0,0,0,0,0,0,0,0,0,0,0,0,0,0,0,0,0,0,0,0,0,0,0,0,0,0,0,0,0,0,0,0,0,0,0,0,0,0,0,0,0,0,0,0,0,0,0,0,0,0,0,0,0,0,0,0,0,0,0,0,0,0,0,0,0,0,0,Endurance 17,Endurance,18:39:30,,39,03:59.790,00:00.433,00:06.148,00:02.163,0.0,39,2.163138,00:02.163,1.729910,+1.730s,
304.467,0,0,0,0,0,0,0,0,0,0,0,0,0,0,0,0,0,0,0,0,0,0,0,0,0,0,0,0,0,0,0,0,0,0,0,0,0,0,0,0,0,0,0,0,0,0,0,0,0,0,0,0,0,0,0,0,0,0,0,0,0,0,0,0,0,0,0,0,Endurance 17,Endurance,18:39:30,,39,03:59.790,00:00.433,00:06.148,00:02.163,0.0,39,2.163138,00:02.163,1.729910,+1.730s,
306.116,0,0,0,0,0,0,0,0,0,0,0,0,0,0,0,0,0,0,0,0,0,0,0,0,0,0,0,0,0,0,0,0,0,0,0,0,0,0,0,0,0,0,0,0,0,0,0,0,0,0,0,0,0,0,0,0,0,0,0,0,0,0,0,0,0,0,0,0,Endurance 17,Endurance,18:39:30,,39,03:59.790,00:00.433,00:06.148,00:02.163,0.0,39,2.163138,00:02.163,1.729910,+1.730s,
306.116,0,0,0,0,0,0,0,0,0,0,0,0,0,0,0,0,0,0,0,0,0,0,0,0,0,0,0,0,0,0,0,0,0,0,0,0,0,0,0,0,0,0,0,0,0,0,0,0,0,0,0,0,0,0,0,0,0,0,0,0,0,0,0,0,0,0,0,0,Endurance 17,Endurance,18:39:30,,39,03:59.790,00:00.433,00:06.148,00:02.163,0.0,39,2.163138,00:02.163,1.729910,+1.730s,
306.116,0,0,0,0,0,0,0,0,0,0,0,0,0,0,0,0,0,0,0,0,0,0,0,0,0,0,0,0,0,0,0,0,0,0,0,0,0,0,0,0,0,0,0,0,0,0,0,0,0,0,0,0,0,0,0,0,0,0,0,0,0,0,0,0,0,0,0,0,Endurance 17,Endurance,18:39:30,,40,04:01.439,00:00.433,00:06.036,00:01.649,0.0,40,1.649043,00:01.649,1.215815,+1.216s,
306.116,0,0,0,0,0,0,0,0,0,0,0,0,0,0,0,0,0,0,0,0,0,0,0,0,0,0,0,0,0,0,0,0,0,0,0,0,0,0,0,0,0,0,0,0,0,0,0,0,0,0,0,0,0,0,0,0,0,0,0,0,0,0,0,0,0,0,0,0,Endurance 17,Endurance,18:39:30,,40,04:01.439,00:00.433,00:06.036,00:01.649,0.0,40,1.649043,00:01.649,1.215815,+1.216s,
356.406,0,0,0,0,0,0,0,0,0,0,0,0,0,0,0,0,0,0,0,0,0,0,0,0,0,0,0,0,0,0,0,0,0,0,0,0,0,0,0,0,0,0,0,0,0,0,0,0,0,0,0,0,0,0,0,0,0,0,0,0,0,0,0,0,0,0,0,0,Endurance 17,Endurance,18:39:30,,40,04:01.439,00:00.433,00:06.036,00:01.649,0.0,40,1.649043,00:01.649,1.215815,+1.216s,
356.406,0,0,0,0,0,0,0,0,0,0,0,0,0,0,0,0,0,0,0,0,0,0,0,0,0,0,0,0,0,0,0,0,0,0,0,0,0,0,0,0,0,0,0,0,0,0,0,0,0,0,0,0,0,0,0,0,0,0,0,0,0,0,0,0,0,0,0,0,Endurance 17,Endurance,18:39:30,,40,04:01.439,00:00.433,00:06.036,00:01.649,0.0,40,1.649043,00:01.649,1.215815,+1.216s,
356.406,0,0,0,0,0,0,0,0,0,0,0,0,0,0,0,0,0,0,0,0,0,0,0,0,0,0,0,0,0,0,0,0,0,0,0,0,0,0,0,0,0,0,0,0,0,0,0,0,0,0,0,0,0,0,0,0,0,0,0,0,0,0,0,0,0,0,0,0,Endurance 17,Endurance,18:39:30,,41,04:51.729,00:00.433,00:07.115,00:50.290,0.0,41,50.290134,00:50.290,49.856906,+49.857s,
356.406,0,0,0,0,0,0,0,0,0,0,0,0,0,0,0,0,0,0,0,0,0,0,0,0,0,0,0,0,0,0,0,0,0,0,0,0,0,0,0,0,0,0,0,0,0,0,0,0,0,0,0,0,0,0,0,0,0,0,0,0,0,0,0,0,0,0,0,0,Endurance 17,Endurance,18:39:30,,41,04:51.729,00:00.433,00:07.115,00:50.290,0.0,41,50.290134,00:50.290,49.856906,+49.857s,
376.066,0,0,0,0,0,0,0,0,0,0,0,0,0,0,0,0,0,0,0,0,0,0,0,0,0,0,0,0,0,0,0,0,0,0,0,0,0,0,0,0,0,0,0,0,0,0,0,0,0,0,0,0,0,0,0,0,0,0,0,0,0,0,0,0,0,0,0,0,Endurance 17,Endurance,18:39:30,,41,04:51.729,00:00.433,00:07.115,00:50.290,0.0,41,50.290134,00:50.290,49.856906,+49.857s,
376.066,0,0,0,0,0,0,0,0,0,0,0,0,0,0,0,0,0,0,0,0,0,0,0,0,0,0,0,0,0,0,0,0,0,0,0,0,0,0,0,0,0,0,0,0,0,0,0,0,0,0,0,0,0,0,0,0,0,0,0,0,0,0,0,0,0,0,0,0,Endurance 17,Endurance,18:39:30,,41,04:51.729,00:00.433,00:07.115,00:50.290,0.0,41,50.290134,00:50.290,49.856906,+49.857s,
376.066,0,0,0,0,0,0,0,0,0,0,0,0,0,0,0,0,0,0,0,0,0,0,0,0,0,0,0,0,0,0,0,0,0,0,0,0,0,0,0,0,0,0,0,0,0,0,0,0,0,0,0,0,0,0,0,0,0,0,0,0,0,0,0,0,0,0,0,0,Endurance 17,Endurance,18:39:30,,42,05:11.390,00:00.433,00:07.414,00:19.661,0.0,42,19.661091,00:19.661,19.227863,+19.228s,
376.066,0,0,0,0,0,0,0,0,0,0,0,0,0,0,0,0,0,0,0,0,0,0,0,0,0,0,0,0,0,0,0,0,0,0,0,0,0,0,0,0,0,0,0,0,0,0,0,0,0,0,0,0,0,0,0,0,0,0,0,0,0,0,0,0,0,0,0,0,Endurance 17,Endurance,18:39:30,,42,05:11.390,00:00.433,00:07.414,00:19.661,0.0,42,19.661091,00:19.661,19.227863,+19.228s,
380.708,0,0,0,0,0,0,0,0,0,0,0,0,0,0,0,0,0,0,0,0,0,0,0,0,0,0,0,0,0,0,0,0,0,0,0,0,0,0,0,0,0,0,0,0,0,0,0,0,0,0,0,0,0,0,0,0,0,0,0,0,0,0,0,0,0,0,0,0,Endurance 17,Endurance,18:39:30,,42,05:11.390,00:00.433,00:07.414,00:19.661,0.0,42,19.661091,00:19.661,19.227863,+19.228s,
380.708,0,0,0,0,0,0,0,0,0,0,0,0,0,0,0,0,0,0,0,0,0,0,0,0,0,0,0,0,0,0,0,0,0,0,0,0,0,0,0,0,0,0,0,0,0,0,0,0,0,0,0,0,0,0,0,0,0,0,0,0,0,0,0,0,0,0,0,0,Endurance 17,Endurance,18:39:30,,42,05:11.390,00:00.433,00:07.414,00:19.661,0.0,42,19.661091,00:19.661,19.227863,+19.228s,
380.708,0,0,0,0,0,0,0,0,0,0,0,0,0,0,0,0,0,0,0,0,0,0,0,0,0,0,0,0,0,0,0,0,0,0,0,0,0,0,0,0,0,0,0,0,0,0,0,0,0,0,0,0,0,0,0,0,0,0,0,0,0,0,0,0,0,0,0,0,Endurance 17,Endurance,18:39:30,,43,05:16.032,00:00.433,00:07.350,00:04.642,0.0,43,4.641931,00:04.642,4.208703,+4.209s,
380.708,0,0,0,0,0,0,0,0,0,0,0,0,0,0,0,0,0,0,0,0,0,0,0,0,0,0,0,0,0,0,0,0,0,0,0,0,0,0,0,0,0,0,0,0,0,0,0,0,0,0,0,0,0,0,0,0,0,0,0,0,0,0,0,0,0,0,0,0,Endurance 17,Endurance,18:39:30,,43,05:16.032,00:00.433,00:07.350,00:04.642,0.0,43,4.641931,00:04.642,4.208703,+4.209s,
384.889,0,0,0,0,0,0,0,0,0,0,0,0,0,0,0,0,0,0,0,0,0,0,0,0,0,0,0,0,0,0,0,0,0,0,0,0,0,0,0,0,0,0,0,0,0,0,0,0,0,0,0,0,0,0,0,0,0,0,0,0,0,0,0,0,0,0,0,0,Endurance 17,Endurance,18:39:30,,43,05:16.032,00:00.433,00:07.350,00:04.642,0.0,43,4.641931,00:04.642,4.208703,+4.209s,
384.889,0,0,0,0,0,0,0,0,0,0,0,0,0,0,0,0,0,0,0,0,0,0,0,0,0,0,0,0,0,0,0,0,0,0,0,0,0,0,0,0,0,0,0,0,0,0,0,0,0,0,0,0,0,0,0,0,0,0,0,0,0,0,0,0,0,0,0,0,Endurance 17,Endurance,18:39:30,,43,05:16.032,00:00.433,00:07.350,00:04.642,0.0,43,4.641931,00:04.642,4.208703,+4.209s,
384.889,0,0,0,0,0,0,0,0,0,0,0,0,0,0,0,0,0,0,0,0,0,0,0,0,0,0,0,0,0,0,0,0,0,0,0,0,0,0,0,0,0,0,0,0,0,0,0,0,0,0,0,0,0,0,0,0,0,0,0,0,0,0,0,0,0,0,0,0,Endurance 17,Endurance,18:39:30,,44,05:20.213,00:00.433,00:07.278,00:04.181,0.0,44,4.180709,00:04.181,3.747481,+3.747s,
384.889,0,0,0,0,0,0,0,0,0,0,0,0,0,0,0,0,0,0,0,0,0,0,0,0,0,0,0,0,0,0,0,0,0,0,0,0,0,0,0,0,0,0,0,0,0,0,0,0,0,0,0,0,0,0,0,0,0,0,0,0,0,0,0,0,0,0,0,0,Endurance 17,Endurance,18:39:30,,44,05:20.213,00:00.433,00:07.278,00:04.181,0.0,44,4.180709,00:04.181,3.747481,+3.747s,
390.894,0,0,0,0,0,0,0,0,0,0,0,0,0,0,0,0,0,0,0,0,0,0,0,0,0,0,0,0,0,0,0,0,0,0,0,0,0,0,0,0,0,0,0,0,0,0,0,0,0,0,0,0,0,0,0,0,0,0,0,0,0,0,0,0,0,0,0,0,Endurance 17,Endurance,18:39:30,,44,05:20.213,00:00.433,00:07.278,00:04.181,0.0,44,4.180709,00:04.181,3.747481,+3.747s,
390.894,0,0,0,0,0,0,0,0,0,0,0,0,0,0,0,0,0,0,0,0,0,0,0,0,0,0,0,0,0,0,0,0,0,0,0,0,0,0,0,0,0,0,0,0,0,0,0,0,0,0,0,0,0,0,0,0,0,0,0,0,0,0,0,0,0,0,0,0,Endurance 17,Endurance,18:39:30,,44,05:20.213,00:00.433,00:07.278,00:04.181,0.0,44,4.180709,00:04.181,3.747481,+3.747s,
390.894,0,0,0,0,0,0,0,0,0,0,0,0,0,0,0,0,0,0,0,0,0,0,0,0,0,0,0,0,0,0,0,0,0,0,0,0,0,0,0,0,0,0,0,0,0,0,0,0,0,0,0,0,0,0,0,0,0,0,0,0,0,0,0,0,0,0,0,0,Endurance 17,Endurance,18:39:30,,45,05:26.217,00:00.433,00:07.249,00:06.004,0.0,45,6.004336,00:06.004,5.571108,+5.571s,
390.894,0,0,0,0,0,0,0,0,0,0,0,0,0,0,0,0,0,0,0,0,0,0,0,0,0,0,0,0,0,0,0,0,0,0,0,0,0,0,0,0,0,0,0,0,0,0,0,0,0,0,0,0,0,0,0,0,0,0,0,0,0,0,0,0,0,0,0,0,Endurance 17,Endurance,18:39:30,,45,05:26.217,00:00.433,00:07.249,00:06.004,0.0,45,6.004336,00:06.004,5.571108,+5.571s,
395.801,0,0,0,0,0,0,0,0,0,0,0,0,0,0,0,0,0,0,0,0,0,0,0,0,0,0,0,0,0,0,0,0,0,0,0,0,0,0,0,0,0,0,0,0,0,0,0,0,0,0,0,0,0,0,0,0,0,0,0,0,0,0,0,0,0,0,0,0,Endurance 17,Endurance,18:39:30,,45,05:26.217,00:00.433,00:07.249,00:06.004,0.0,45,6.004336,00:06.004,5.571108,+5.571s,
395.801,0,0,0,0,0,0,0,0,0,0,0,0,0,0,0,0,0,0,0,0,0,0,0,0,0,0,0,0,0,0,0,0,0,0,0,0,0,0,0,0,0,0,0,0,0,0,0,0,0,0,0,0,0,0,0,0,0,0,0,0,0,0,0,0,0,0,0,0,Endurance 17,Endurance,18:39:30,,45,05:26.217,00:00.433,00:07.249,00:06.004,0.0,45,6.004336,00:06.004,5.571108,+5.571s,
395.801,0,0,0,0,0,0,0,0,0,0,0,0,0,0,0,0,0,0,0,0,0,0,0,0,0,0,0,0,0,0,0,0,0,0,0,0,0,0,0,0,0,0,0,0,0,0,0,0,0,0,0,0,0,0,0,0,0,0,0,0,0,0,0,0,0,0,0,0,Endurance 17,Endurance,18:39:30,,46,05:31.125,00:00.433,00:07.198,00:04.908,0.0,46,4.907897,00:04.908,4.474669,+4.475s,
395.801,0,0,0,0,0,0,0,0,0,0,0,0,0,0,0,0,0,0,0,0,0,0,0,0,0,0,0,0,0,0,0,0,0,0,0,0,0,0,0,0,0,0,0,0,0,0,0,0,0,0,0,0,0,0,0,0,0,0,0,0,0,0,0,0,0,0,0,0,Endurance 17,Endurance,18:39:30,,46,05:31.125,00:00.433,00:07.198,00:04.908,0.0,46,4.907897,00:04.908,4.474669,+4.475s,
402.216,0,0,0,0,0,0,0,0,0,0,0,0,0,0,0,0,0,0,0,0,0,0,0,0,0,0,0,0,0,0,0,0,0,0,0,0,0,0,0,0,0,0,0,0,0,0,0,0,0,0,0,0,0,0,0,0,0,0,0,0,0,0,0,0,0,0,0,0,Endurance 17,Endurance,18:39:30,,46,05:31.125,00:00.433,00:07.198,00:04.908,0.0,46,4.907897,00:04.908,4.474669,+4.475s,
402.216,0,0,0,0,0,0,0,0,0,0,0,0,0,0,0,0,0,0,0,0,0,0,0,0,0,0,0,0,0,0,0,0,0,0,0,0,0,0,0,0,0,0,0,0,0,0,0,0,0,0,0,0,0,0,0,0,0,0,0,0,0,0,0,0,0,0,0,0,Endurance 17,Endurance,18:39:30,,46,05:31.125,00:00.433,00:07.198,00:04.908,0.0,46,4.907897,00:04.908,4.474669,+4.475s,
402.216,0,0,0,0,0,0,0,0,0,0,0,0,0,0,0,0,0,0,0,0,0,0,0,0,0,0,0,0,0,0,0,0,0,0,0,0,0,0,0,0,0,0,0,0,0,0,0,0,0,0,0,0,0,0,0,0,0,0,0,0,0,0,0,0,0,0,0,0,Endurance 17,Endurance,18:39:30,,47,05:37.540,00:00.433,00:07.182,00:06.415,0.0,47,6.414990,00:06.415,5.981762,+5.982s,LAST
402.216,0,0,0,0,0,0,0,0,0,0,0,0,0,0,0,0,0,0,0,0,0,0,0,0,0,0,0,0,0,0,0,0,0,0,0,0,0,0,0,0,0,0,0,0,0,0,0,0,0,0,0,0,0,0,0,0,0,0,0,0,0,0,0,0,0,0,0,0,Endurance 17,Endurance,18:39:30,,47,05:37.540,00:00.433,00:07.182,00:06.415,0.0,47,6.414990,00:06.415,5.981762,+5.982s,LAST
